{"loss": [0.3153611421585083, 0.1666593998670578, 0.12995079159736633, 0.099798783659935, 0.07227613776922226, 0.05574282258749008, 0.04715937003493309, 0.04599504545331001, 0.040972016751766205, 0.027373559772968292], "val_loss": [0.19872021675109863, 0.17448212206363678, 0.15463009476661682, 0.13491831719875336, 0.13155201077461243, 0.1348484307527542, 0.1445816606283188, 0.12970057129859924, 0.13638073205947876, 0.12942472100257874]}